Region,Priority,Total Cells,RED,ORANGE,GREEN,RED %,Avg Risk,Max Risk,Avg Slope,Max Rain 72h
Sikkim,2,3050,367,597,2086,12.0,0.266,1.0,87.8,292.0
Manipur NH2 Corridor,3,4648,526,914,3208,11.3,0.33,1.0,83.5,55.0
Nagaland Hills,5,6889,752,1367,4770,10.9,0.456,1.0,74.3,54.0
Assam Hills,6,6216,662,1237,4317,10.6,0.443,1.0,71.2,80.0
Arunachal Pradesh (West),4,6889,724,1377,4788,10.5,0.468,1.0,76.2,112.0
"Cherrapunji, Meghalaya",1,1452,150,288,1014,10.3,0.231,1.0,10.1,461.0
"Munnar, Kerala",9,374,38,74,262,10.2,0.49,1.0,85.6,61.0
"Wayanad, Kerala",7,1287,129,257,901,10.0,0.184,1.0,81.1,77.0
"Idukki, Kerala",8,1287,129,257,901,10.0,0.463,1.0,83.0,135.0
